{"tdis_tot": 14.844510411411065, "idis_tot": 0, "ener_tot": 3.6534131279805533, "cost_tot": 0.9651383428329919, "emis_tot": 0.6101199923727539, "pele_tot": 0.022141277930509375, "pgas_tot": null, "pdih_tot": null, "time_rat": 9.549784346708563e-05}