{"tdis_tot": 12.613591742977345, "idis_tot": 0, "ener_tot": 3.7691686037247827, "cost_tot": 0.9921870263643959, "emis_tot": 0.6294511568220392, "pele_tot": 0.021721646228339678, "pgas_tot": null, "pdih_tot": null, "time_rat": 5.354092159982927e-05}