{"tdis_tot": 18.694035838966723, "idis_tot": 0, "ener_tot": 4.214383235980673, "cost_tot": 1.1106061293655916, "emis_tot": 0.7038020004087719, "pele_tot": 0.020860273676819484, "pgas_tot": null, "pdih_tot": null, "time_rat": 6.876951847122178e-05}