{"tdis_tot": 1.4663368776180847, "idis_tot": 0, "ener_tot": 2.717427541358256, "cost_tot": 0.7104134265703174, "emis_tot": 0.4538103994068297, "pele_tot": 0.0207076554153309, "pgas_tot": null, "pdih_tot": null, "time_rat": 5.481740741346278e-05}