{"tdis_tot": 13.443375922635616, "idis_tot": 0, "ener_tot": 3.127204007010911, "cost_tot": 0.8219377397263302, "emis_tot": 0.5222430691708243, "pele_tot": 0.02126083048895271, "pgas_tot": null, "pdih_tot": null, "time_rat": 7.161256465563124e-05}