{"tdis_tot": 27.792933672610932, "idis_tot": 0, "ener_tot": 3.3102640270658212, "cost_tot": 0.8655865140928138, "emis_tot": 0.5528140925199937, "pele_tot": 0.021229996096749453, "pgas_tot": null, "pdih_tot": null, "time_rat": 5.4312536988077286e-05}