{"tdis_tot": 13.49892298705597, "idis_tot": 0, "ener_tot": 3.620061275510101, "cost_tot": 0.9534454356889163, "emis_tot": 0.6045502330101877, "pele_tot": 0.021306307003822366, "pgas_tot": null, "pdih_tot": null, "time_rat": 7.363780493415537e-05}