{"tdis_tot": 3.194545665369913, "idis_tot": 0, "ener_tot": 3.0051074050724798, "cost_tot": 0.78610079266464, "emis_tot": 0.5018529366471054, "pele_tot": 0.02088519233442478, "pgas_tot": null, "pdih_tot": null, "time_rat": 5.0287377876729265e-05}