{"tdis_tot": 12.6083173174475, "idis_tot": 0, "ener_tot": 3.6101101647697686, "cost_tot": 0.9508922633414065, "emis_tot": 0.6028883975165527, "pele_tot": 0.021343651929488033, "pgas_tot": null, "pdih_tot": null, "time_rat": 5.58747789192468e-05}