{"tdis_tot": 470.73728758207176, "idis_tot": 0, "ener_tot": 4.658423855558098, "cost_tot": 1.2340569940923292, "emis_tot": 0.7779567838782027, "pele_tot": 0.02207102477303123, "pgas_tot": null, "pdih_tot": null, "time_rat": 8.255552553189662e-05}