{"tdis_tot": 29.349840756520425, "idis_tot": 0, "ener_tot": 2.436648371331536, "cost_tot": 0.6378210669018891, "emis_tot": 0.4069202780123672, "pele_tot": 0.020463384663562696, "pgas_tot": null, "pdih_tot": null, "time_rat": 5.683082124677418e-05}